CODE;RESSOURCE;NOTION
R1.01;Initiation au developpement;TP1
R1.01;Initiation au developpement;TP2
R1.01;Initiation au developpement;TP3
R1.01;Initiation au developpement;TP4
R1.01;Initiation au developpement;TP5
R1.02;Developpement d'interfaces web;TP1
R1.02;Developpement d'interfaces web;TP2
R1.02;Developpement d'interfaces web;TP3
R1.02;Developpement d'interfaces web;TP4
R1.02;Developpement d'interfaces web;TP5
R1.02;Developpement d'interfaces web;TP6
R1.02;Developpement d'interfaces web;TP7
R1.02;Developpement d'interfaces web;TP8
R1.02;Developpement d'interfaces web;TP9
R1.03;Introduction a l'architecture des ordinateurs;TP1
R1.03;Introduction a l'architecture des ordinateurs;TP2
R1.03;Introduction a l'architecture des ordinateurs;TP3
R1.03;Introduction a l'architecture des ordinateurs;TD1
R1.03;Introduction a l'architecture des ordinateurs;TD2
R1.03;Introduction a l'architecture des ordinateurs;TD3
R1.04;Introduction aux systèmes d'exploitation et a leur fonctionnement;TP1
R1.04;Introduction aux systèmes d'exploitation et a leur fonctionnement;TP2
R1.04;Introduction aux systèmes d'exploitation et a leur fonctionnement;TP3
R1.04;Introduction aux systèmes d'exploitation et a leur fonctionnement;TP4
R1.04;Introduction aux systèmes d'exploitation et a leur fonctionnement;TD1
R1.04;Introduction aux systèmes d'exploitation et a leur fonctionnement;TD2
R1.04;Introduction aux systèmes d'exploitation et a leur fonctionnement;TD3
R1.04;Introduction aux systèmes d'exploitation et a leur fonctionnement;TD4
R1.11;Bases de la communication;TD1
R1.11;Bases de la communication;TD2
